{"train": {"loss": 0.6129112447472824}, "val": {"loss": 0.40942507643591275}, "_timestamp": 1720205405.7594173, "_runtime": 1685.5590932369232, "_step": 0}