{"train": {"loss": 0.16718472722622987}, "val": {"loss": 0.06830805540084839}, "_timestamp": 1720202461.8716328, "_runtime": 422.63366889953613, "_step": 3, "_wandb": {"runtime": 421}}