{"batch_train_loss": 1.6102468967437744, "_timestamp": 1720269519.648549, "_runtime": 1692.5804181098938, "_step": 536, "_wandb": {"runtime": 1692}}