{"batch_loss": 2.7082784175872803, "_timestamp": 1720270721.7589967, "_runtime": 94.219881772995, "_step": 34}